Name,Description,Created At,Votes,Comments,Topics
No More Copyright,"NoMoreCopyright uses GenAI to transform your images into unique, copyright-free versions instantly. Simply upload an image and get a fresh version in seconds, perfect for creative inspiration and exploration‚Äîno copyright worries, just freedom to create.",2024-12-14T08:01:00Z,394,52,"Design Tools, SaaS, Artificial Intelligence"
Google Gemini 2.0,"Gemini 2.0 is Google's most advanced AI model, enabling multimodal inputs and outputs like text, audio, and images. With faster performance, deep reasoning, and tool integration, it powers smarter apps and redefines AI-assisted tasks. Available now for devs.",2024-12-14T08:01:00Z,271,11,"Open Source, Developer Tools, Artificial Intelligence"
iMerch.ai,"iMerch.ai is a next-gen AI E-commerce tool offering intelligent product recommendations and personalized product lists. With a lightweight, mobile-friendly storefront, it seamlessly integrates content and ecommerce to help users achieve faster, higher revenue.",2024-12-14T08:01:00Z,181,9,"Marketing, Artificial Intelligence, Tech"
Depth AI,"Depth AI is a tool that helps you answer complex questions on large and messy codebases. It reduces time to onboard new engineers from months to days and enables teams to ship code faster. Use it wherever you work - our web app, Slack, GitHub Copilot and more.",2024-12-14T08:01:00Z,212,22,"Software Engineering, Developer Tools, Artificial Intelligence"
Microsoft Phi-4,"Phi-4 is Microsoft's 14B-parameter small language model that excels in complex reasoning, particularly in math, while optimizing size & computational efficiency. Available on Azure AI Foundry & Hugging Face, it sets a new benchmark for AI performance at scale.",2024-12-14T08:01:00Z,180,3,"Open Source, Developer Tools, Artificial Intelligence"
Just Gpt It,"Tired of people asking the most obvious questions? JustGptIt.com is here for you! Send these people an animation of ""how to use ChatGPT"", as if they didn't know. Be rude!",2024-12-14T08:01:00Z,136,5,"User Experience, Artificial Intelligence, Entertainment"
EigentBot,"EigentBot deploys an AI-powered community manager in seconds! - Seamlessly integrate with web links, files, Notion, GitHub, LinkedIn, and more. - Prioritizing privacy, we support local model deployment. - With one-click, get your bot running in just 3 seconds!",2024-12-14T08:01:00Z,58,4,"Artificial Intelligence, Bots, Community"
Free Christmas AI Video Card Generator,"Spread holiday cheer with AI! Create free, animated Christmas video cards personalized with names and messages. Choose characters like Santa or the Christmas Elf, enter up to 200 characters of text, and watch the magic appear in your inbox in seconds!",2024-12-14T08:01:00Z,51,13,"Artificial Intelligence, Animation, Video"
Spark +AI Meeting Notes,"+AI Meeting Notes can transcribe and summarize your meeting to capture every point. Fully focus during every discussion and never miss a detail. No bots joining your call, works with any meeting tool. Access all your meeting notes anytime in Spark Mail App.",2024-12-14T08:01:00Z,45,14,"Productivity, Meetings, Artificial Intelligence"
"The ""Lazy Genius"" Email Marketing System","Your professional AI email copywriter that gets the work done on time, never misses a deadline, and costs less than one sushi date night.",2024-12-14T08:01:00Z,29,4,"Email Marketing, Marketing, Artificial Intelligence"
Parente AI,"For less than the cost of one therapy session, get evidence-based parenting support 24/7 ‚Äî right when you need it: a public meltdown, bedtime battles, or the dreaded school call. Parente is like having a therapist in your pocket.",2024-12-14T08:01:00Z,13,2,"Artificial Intelligence, Kids & Parenting, Health"
LightUp,"LightUp is a browser extension that keeps you in the zone, unlocks instant explanations, and expands your knowledge‚Äîsimply by highlighting any text on the web. Summarize, explain, analyze, translate, and even ask follow-up questions for any text you select.",2024-12-14T08:01:00Z,12,1,"Chrome Extensions, Productivity, Artificial Intelligence, GitHub"
LegesAI - German Law AI,Get free legal assistance with your questions about the BGB and other laws through our AI assistant. Ask your legal questions and receive quick answers. Perfect for individuals and professionals alike. Specialized on German tenancy law.,2024-12-14T08:01:00Z,12,1,"SaaS, Legal, Artificial Intelligence"
InstaRoasts,"""üî• Welcome to InstaRoasts! üî• We're thrilled to launch a space where wit and humor collide. Dive in, share your best roasts, and let the laughter begin. Don't forget to tag your friends for some friendly fire! üéØüòÇ""",2024-12-14T08:01:00Z,9,1,"Funny, Instagram, Entertainment"
Live Interview Help,"AI interview assistant helps you during live interviews by offering real-time answers and feedback based on your resume, job description, and interview type, to make you smarter and get that job.",2024-12-14T08:01:00Z,9,1,"Hiring, Artificial Intelligence, Career"
Evegram Messenger,"Vegram is a modern and secure messaging platform designed to allow continuous and secure communication between users. Developed as a versatile tool, Evegram offers advanced messaging features such as end-to-end encryption, ensuring maximum privacy",2024-12-14T08:01:00Z,6,0,"Android, Messaging, Web3, Blockchain"
ghostie,"Write compelling blog posts in minutes with ghostie. Affordable, credits-based pricing and AI-powered tools to craft articles that captivate your audience. Simplify your content creation today and get a free backlink for your trouble!",2024-12-14T08:01:00Z,5,2,"Writing, Marketing, Artificial Intelligence"
Charades,"Charades is a fun party game for all ages. Guess words by acting, describing, or miming. With 10,000+ words, 16 categories, and support for many languages, it‚Äôs perfect for family nights, parties, or gatherings! Have fun :)",2024-12-14T08:01:00Z,5,1,"iOS, Games, Entertainment"
GPT AI Chat,"Welcome to ChatGPT Free GPT AI Chat, the ultimate resource for unlimited AI-powered conversations without any cost. Our platform offers a wide range of chatbot capabilities, powered by Chat GPT AI technology.",2024-12-14T08:01:00Z,5,0,"Artificial Intelligence, Bots, Tech"
Giftchat.net,"Giftchat.net is an AI-powered platform that helps you find the perfect gift for your loved ones. It offers instant, personalized gift recommendations based on the recipient's preferences and interests.",2024-12-14T08:01:00Z,5,0,"Web App, Artificial Intelligence"
NovelWander.ai,NovelWander.ai is a welcoming place to explore AI-generated Chinese novels and create your own stories. You can enjoy our original AI novels or bring your unique characters to life in Modify Mode. Join us in this creative storytelling space!,2024-12-14T08:01:00Z,5,1,"SaaS, Entertainment"
MailerOne,"Unlock the power of limitless email marketing with MailerOne! Featuring an intuitive editor, advanced segmentation and in-depth analytics. MailerOne empowers you to connect, engage, and grow your audience effortlessly. Start with affordable plans.",2024-12-14T08:01:00Z,4,0,"Email Marketing, Marketing, SaaS"
Wool Ball,"Wool Ball is a decentralized AI platform that leverages browsers to process AI tasks. Users earn rewards for sharing idle resources, enabling a cost-effective, scalable, and eco-friendly approach to AI workloads.",2024-12-14T08:01:00Z,4,0,"SaaS, Artificial Intelligence, Web3"
DataNumen,DataNumen Outlook Drive Recovery seamlessly restores Outlook data directly from storage drives and disks 91% highest success rate. Download free version and try now!,2024-12-14T08:01:00Z,4,1,"Windows, Email, Data"
Rupease,"We‚Äôre excited to launch Rupease soon, empowering small businesses to streamline cash flow! With AI insights for real-time analysis, and an integrated WhatsApp store for easy sales all for under $50/year. Your feedback and support mean a lot!",2024-12-14T08:01:00Z,4,1,"Productivity, Analytics, Artificial Intelligence"
PocketNews,"PocketNews is a SaaS that uses AI to deliver personalized, concise summaries of the latest news in your sectors of interest. By scraping top websites, it curates and emails tailored updates, keeping you informed efficiently and effortlessly.",2024-12-14T08:01:00Z,4,1,"Email, SaaS, Artificial Intelligence"
PocketNews,"PocketNews is a SaaS that uses AI to deliver personalized, concise summaries of the latest news in your sectors of interest. By scraping top websites, it curates and emails tailored updates, keeping you informed efficiently and effortlessly.",2024-12-14T08:01:00Z,4,1,"Email, SaaS, Artificial Intelligence"
Artipixx,"Hi there, I'm not a coder but I've built this video sharing site using Ai. I'm collecting cool Ai videos and posting it on it. Just getting started but if you're an Ai video creator, feel free to post on it.",2024-12-14T08:01:00Z,4,1,"Video Streaming, Streaming Services, Entertainment"
FREE Email Extractor,"Extract emails from any text in seconds. Simply paste your content and get a clean list of every email address instantly. No sign-up, no limits, completely free. Works with any text format.",2024-12-14T08:01:00Z,4,1,"Email, Productivity, Marketing"
Accio,Transforming B2B Sourcing with Accio: The World‚Äôs First AI-Powered Sourcing Engine! Tap into deep industry insights to find top suppliers effortlessly and source like a pro.,2024-12-13T08:01:00Z,469,47,"SaaS, Artificial Intelligence, E-Commerce"
Llama 3.3 70B,Meta‚Äôs Llama 3.3 multilingual LLM is an instruction tuned generative model in 70B that for some applications approaches the performance of Llama 3.1 405B and other frontier-level closed source models,2024-12-13T08:01:00Z,317,10,"Open Source, Developer Tools, Artificial Intelligence, GitHub"
Alpha,"Use AI for your investment watchlist ‚Äì Alpha actively monitors every stock, ETF, and crypto you care about. Giving instant, AI-powered insights on why prices are moving and sharing real-time market events, earnings calls, and more.",2024-12-13T08:01:00Z,267,12,"Fintech, Artificial Intelligence"
iBrief,"Get concise, accurate summaries of articles using advanced AI. iBrief combines AI-powered article summaries with effortless sharing capabilities, helping the busiest of us save time.",2024-12-13T08:01:00Z,182,10,"Productivity, Artificial Intelligence"
AdventAI,"With AdventAI, unwrap 1Ô∏è‚É£2Ô∏è‚É£ Open-source AI Apps you can build with Toolhouse and any LLM you choose. Use them, make them yours, and monetize them!",2024-12-13T08:01:00Z,173,12,"Open Source, Developer Tools, Artificial Intelligence"
Android XR by Google,"Google Android XR is an innovative platform designed to power next-generation XR headsets and glasses. In collaboration with Samsung and Qualcomm, it combines AI and AR/VR technologies to enable seamless interactions, multitasking, and real-world integration.",2024-12-13T08:01:00Z,135,3,"Virtual Reality, Artificial Intelligence, Augmented Reality, YouTube"
CareerCode.it,"Your go-to platform for IT career growth. Explore live data, dynamic charts, and trending skills across IT fields. Get personalized job recommendations and analyses to uncover the top skills that will maximize your potential and guide your next career move.",2024-12-13T08:01:00Z,68,18,"Analytics, Education, Artificial Intelligence"
AiColoring.Art,"Transform your text into beautiful, customizable coloring pages with AIColoring.art. Perfect for parents, educators, and coloring enthusiasts of all ages.",2024-12-13T08:01:00Z,24,3,"Education, Artificial Intelligence, Kids & Parenting"
Agent Locker,Agent Locker is the world's largest directory of autonomous AI agents - Easily assemble your team of agents by adding them to your locker and compare verified community reviews and upvotes - AgentLocker.ai,2024-12-13T08:01:00Z,14,5,"Marketing, SaaS, Artificial Intelligence"
Rabbit Hole,"Rabbit Hole is the ultimate app for endless learning, offering a wide range of topics to explore daily. Start from a topic and keep learning about adjacent topics. Join us to expand your knowledge and satisfy your curiosity.",2024-12-13T08:01:00Z,12,3,"iOS, Education, Artificial Intelligence"
FaceMyAI,Create Your Digital Avatars: Design lifelike AI characters tailored to your preferences. Interactive Platform: Chat with your avatars and explore those created by others. Global Communication: Multi-language support with text-to-speech and lipsync.,2024-12-13T08:01:00Z,11,1,"Artificial Intelligence, Entertainment, Human Resources"
Audio Hero,"Get 300,000+ premium, royalty-free music tracks and sound effects with unlimited licensing. Run similarity searches with AI to find results that match your vibe",2024-12-13T08:01:00Z,10,1,"Music, Artificial Intelligence, Audio"
Betsync,Sports Betting Research Assistant,2024-12-13T08:01:00Z,9,1,"Sports Games, Artificial Intelligence"
Peak AI: Your Intelligent Gym Partner,"Peak combines powerful AI with clean workout tracking to revolutionize your gym experience. Get personalized workouts, track PRs, and analyze your physique with our advanced body scan tech. Built by gym enthusiasts, for gym enthusiasts. Peak adapts to you!",2024-12-13T08:01:00Z,7,1,"iOS, Artificial Intelligence, Fitness"
AIGenEmoji,"Create ai emojis with AIGenEmoji online. Apple IOS Genmoji Online Alternative. Super powerful understanding and customization of emoji, support text emoji,",2024-12-13T08:01:00Z,7,1,"Design Tools, Emoji, Artificial Intelligence"
AI-Powered Presentation Maker,"AI Presentation Maker by PoweredTemplate creates professional presentations in multiple languages. Select from 24K+ templates and download as PDF for free, as PPTX with premium access, or edit directly in Google Slides.",2024-12-13T08:01:00Z,6,1,"Artificial Intelligence, Consulting, Design templates"
AI Kissing Video Generator,Introducing the AI Kissing Video Generator that transforms photos into realistic kissing videos using advanced AI technology.,2024-12-13T08:01:00Z,6,1,Artificial Intelligence
simplesignature.email,"Minimal Email Signature Editor for signatures that work everywhere. No PNGs, no font chaos, no extras. One signature can be created for free. We have a Pro Plan available if you need to create and manage email signatures for an entire team.",2024-12-13T08:01:00Z,4,1,"Email, Design Tools, Email Marketing"
In-Analyzer,"üéØ Overview In-Analyzer is a free tool that analyzes your LinkedIn profile and instantly generates personalized recommendations to maximize your professional impact. ‚ú® A simple and effective tool: Instant, Free and Intelligent",2024-12-13T08:01:00Z,4,3,"Productivity, Artificial Intelligence, LinkedIn"
Opnbook,"Transform your AI initiatives into measurable business outcomes. Opnbook tracks how teams use AI tools, providing actionable insights to optimize performance and ROI. Get proven results in 90 days.",2024-12-13T08:01:00Z,4,1,"Analytics, Artificial Intelligence, Tech"
In-Analyzer,"üéØ Overview In-Analyzer is a free tool that analyzes your LinkedIn profile and instantly generates personalized recommendations to maximize your professional impact. ‚ú® A simple and effective tool: Instant, Free and Intelligent",2024-12-13T08:01:00Z,4,3,"Productivity, Artificial Intelligence, LinkedIn"
Langua: AI Language Tutor,"Practice your reading, listening, and speaking with this AI-powered app! Whether you're learning Dutch, French, or Italian, our app makes learning 50 new words every day and having real conversations easy.",2024-12-13T08:01:00Z,4,1,"Education, Languages, Artificial Intelligence"
Call Support ,Boost your business with AI-powered answering & outbound calls. Never miss a lead or opportunity again.,2024-12-13T08:01:00Z,3,1,Artificial Intelligence
Maaf Karo,A fun trolling website! Compare your github profile with some well known github users and see how you fare.,2024-12-13T08:01:00Z,3,0,"Artificial Intelligence, GitHub"
Thynkr,"Transform hours of content into minutes with AI-powered summaries. Thynkr helps you extract key insights from YouTube videos, podcasts, and PDFs instantly. Save time while retaining knowledge - perfect for professionals, learners, and content enthusiasts.",2024-12-13T08:01:00Z,3,1,"Productivity, Artificial Intelligence"
Sigma AI Browser ,"Sigma AI Browser is the best AI-powered product, featuring built-in SigmaGPT technology. This integrated artificial intelligence allows users to chat with an AI assistant or generate content, bringing new capabilities to the browsing experience.",2024-12-13T08:01:00Z,3,1,"Android, Productivity, Artificial Intelligence, Blockchain"
Sigma AI Browser ,"Sigma AI Browser is the best AI-powered product, featuring built-in SigmaGPT technology. This integrated artificial intelligence allows users to chat with an AI assistant or generate content, bringing new capabilities to the browsing experience.",2024-12-13T08:01:00Z,3,1,"Android, Productivity, Artificial Intelligence, Blockchain"
HarverAI,"Ever get tired of lengthy youtube video, but too curious to passed on the topic? HarverAI helps you extract the value of youtube video, turns what would've taken you hours in to minutes. We promise you industry leading content generation. Signup for free trial",2024-12-13T08:01:00Z,3,1,"Productivity, Education, Artificial Intelligence"
Sigma AI Browser ,"Sigma AI Browser is the best AI-powered product, featuring built-in SigmaGPT technology. This integrated artificial intelligence allows users to chat with an AI assistant or generate content, bringing new capabilities to the browsing experience.",2024-12-13T08:01:00Z,3,1,"Android, Productivity, Artificial Intelligence, Blockchain"
Maaf Karo,A fun trolling website! Compare your github profile with some well known github users and see how you fare.,2024-12-13T08:01:00Z,3,0,"Artificial Intelligence, GitHub"
AI-Powered Salary Estimator,Our tool analyzes your resume using advanced AI algorithms and compares it against job market data to provide salary estimates tailored to your skills and location,2024-12-13T08:01:00Z,3,1,"Hiring, Artificial Intelligence, Career"
NoDoubt.ai,"Dive into a new era of personalized learning. NoDoubt.ai is your intelligent tutor, guiding you through complex subjects with ease with its comprehensive IPO learning cycle tailored to understand you and your conceptual clarity.",2024-12-13T08:01:00Z,3,1,"Productivity, Education, Artificial Intelligence"
Affirmations AI,Affirmations AI is a powerful tool that uses artificial intelligence to generate personalized affirmations in both text and audio formats. Our platform helps users create custom-tailored positive statements designed to transform their mindset.,2024-12-13T08:01:00Z,3,0,"Health & Fitness, Artificial Intelligence, Social Impact"
AI Santa by Tavus,"Meet AI Santa, a magical holiday experience powered by Tavus. See and talk with Santa in real-time across 30 languages, discover your naughty or nice status, and push old St. Nick's buttons! Fork and deploy the demo in seconds to put your own spin on AI Santa.",2024-12-12T08:01:00Z,580,103,"Video Streaming, API, Artificial Intelligence"
Deta Surf,"Surf puts you at the center of your digital life. It's a browser, file manager, and AI assistant ‚Äî all in one.",2024-12-12T08:01:00Z,343,35,"Surfing, Artificial Intelligence"
Rememberall,"Rememberall is a secure, open-source solution that gives your Custom GPTs persistent memory across conversations. Simply mention @rememberall in your GPT to access past context and maintain continuous conversations.",2024-12-12T08:01:00Z,221,12,"Open Source, Artificial Intelligence, GitHub"
Better Call Santa,Better Call Santa is an app that uses OpenAI's new Realtime Voice API to give children their own AI version of Santa to talk to. The AI model also detects their wishes and builds a wish list only parents can access. Give it a try! üéÑüéÖ,2024-12-12T08:01:00Z,166,13,"iOS, Artificial Intelligence"
PhotoG,"PhotoG is the first generative AI tool designed to create lifelike images of real-world products. Instantly visualize items in your home or scenes, and help brands produce stunning AI-generated product photos in minutes.",2024-12-12T08:01:00Z,87,28,"Design Tools, Marketing, Artificial Intelligence"
Claient.io,"Connect your clients to LLMs in seconds with zero backend. Easily manage rate limits, domain restrictions, JWT authentication, IP whitelists/blacklists, and more. All while keeping your API keys unleakable. Get started for free with Claient.io!",2024-12-12T08:01:00Z,72,5,"SaaS, Developer Tools, Artificial Intelligence"
Pin.com,"Pin accelerates your hiring with AI-powered candidate sourcing, personalized outreach, and optimized workflows, helping you make faster, smarter hiring decisions.",2024-12-12T11:10:00Z,70,21,"Hiring, SaaS, Artificial Intelligence"
Capitara,"Capitara is an AI-powered platform that helps companies create budgets and integrate them with financial data. Our AI analyzes key SaaS metrics in real time, providing actionable insights and industry benchmarks to address planning challenges early.",2024-12-12T08:01:00Z,57,33,"Analytics, Artificial Intelligence, Budgeting"
Santa Calling,Santa Calling lets you send personalized Christmas wishes via call in multiple languages! Choose 'Nice' for kids and family or 'Naughty' for friends. Brighten your loved ones' holidays with a magical call from Santa Claus this Christmas!,2024-12-12T08:01:00Z,42,3,"Kids, Artificial Intelligence, Family"
AIMail,AI Mail is an AI email assistant for Outlook users. It removes the email writing hassle and takes communication to the next level. It offers smart email composition and email templates. It contextually analyses and adjusts the tone accordingly.,2024-12-12T08:01:00Z,42,1,"Email, Writing, Email Marketing"
Rippletide Briefs,"Rippletide gives Sales Reps the power to instantly generate meeting preparation insights with AI. Get call briefs containing prospect details, strategic recommendations, and personalised icebreakers, all while giving your productivity a boost.",2024-12-12T08:01:00Z,40,12,"Productivity, Sales, Artificial Intelligence"
FireChatbot,"FireChatbot is an AI-powered assistant that builds and maintains itself to deliver real-time, multilingual customer support. Seamlessly integrates with your website, ensures GDPR compliance, and provides valuable insights via a user-friendly dashboard. üåêü§ñ",2024-12-12T08:01:00Z,26,16,"Artificial Intelligence, Bots, Tech"
CloudFit (Beta),"The first end-to-end solution that combines AI with health expertise to expand access to world-class care. No more guesswork, confusion, or intimidation around where to start.",2024-12-12T08:01:00Z,20,1,"Health & Fitness, Artificial Intelligence"
QueryZy,"Not a database fan? Nor an Excel formulas one? ü§ØLearning curve is challenging! With QueryZy, you can: üîÉ Upload your data files üí´ Chat with data files using natural language üìÖ Visualize in data tables üìà Plot data to charts üëè Build reports ‚ö°FAST! üîêSAFE!",2024-12-12T08:01:00Z,19,7,"Productivity, Artificial Intelligence, Data & Analytics"
AI Business Idea Generator (Free),Generate innovative business ideas using AI. Combine existing solutions to discover unique opportunities and transform your business concepts into reality.,2024-12-12T08:01:00Z,16,3,"Artificial Intelligence, Business"
Preny AI,"AI chatbot automates order closing, increasing conversion rates by 50% when integrated into Fanpages, especially for closing sales during Facebook Messenger ad campaigns.",2024-12-12T08:01:00Z,16,3,"Customer Communication, Artificial Intelligence, Facebook Messenger"
Gifty Secret Santa Generator,"Gifty‚Äôs Secret Santa innovates on this Christmas staple by helping participants with gift selection, taking participant preferences and using these to generate gift ideas for your Secret Santa.",2024-12-12T08:01:00Z,15,1,"Artificial Intelligence, Tech, Family"
Co-Op,"Learn how your mind works with bite-sized lessons, interactive exercises, and AI-powered insights - all designed by the world's best psychologists. Unlock useful tools for personal growth and mental clarity.",2024-12-12T08:01:00Z,13,1,"iOS, Health & Fitness, Artificial Intelligence"
Heyddit,"Heyddit is a simple tool to help the creator community edit video clips. The tool is 100% free and open source, no account is required. I will add animated captions if I have users on the project.",2024-12-12T08:01:00Z,13,3,"Social Media, Artificial Intelligence, GitHub, Video"
Google Project Mariner,Introducing Project Mariner: an agent that helps you accomplish complex tasks in your browser üíª‚ú®It‚Äôs a research prototype built with Gemini 2.0.,2024-12-12T08:01:00Z,13,0,Artificial Intelligence
Upsampler,"Upsampler.com upscales your images to ultra-high resolutions while enhancing textures and adding new details. Unlike traditional upscalers, it can completely reimagine images, adding as much new detail as you want.",2024-12-12T08:01:00Z,12,0,"Design Tools, Artificial Intelligence, Digital Art"
HippoMod,"HippoMod is an AI-powered social media engagement and moderation platform that boosts engagement, protects your brand, and saves time. We automate comment filtering, suggest smart replies, and give you the tools to build a thriving online community.",2024-12-12T08:01:00Z,12,1,"Social Media, Marketing, Artificial Intelligence"
inboxhiiv,"inboxhiiv transforms your favorite podcasts into insightful newsletters with chaptered breakdowns. Receive key highlights, essential insights, and updates directly in your inbox, saving you time and keeping you informed effortlessly.",2024-12-12T08:01:00Z,11,1,"Productivity, Newsletters, Artificial Intelligence"
Smartlyze,"Transform complex business data into instant, actionable insights using natural language AI conversations.",2024-12-12T08:01:00Z,11,2,"Productivity, Analytics, Artificial Intelligence"
ContentAI,"Power your content creation with AI tools designed for creators. Write scripts, generate posts, manage your content calendar, see statistics and much more!.",2024-12-12T08:01:00Z,9,0,"Productivity, Marketing, Artificial Intelligence"
Atomic,"Atomic is the easiest cold email outreach tool designed to personalize and automate your outreach, helping you boost engagement effortlessly.",2024-12-12T08:01:00Z,8,1,"Productivity, Email Marketing, Marketing automation"
readsomethingsciency,"Unlock the world‚Äôs most influential scientific insights with explanations tailored to your level. From beginner to advanced, explore over 270 groundbreaking papers across physics, mathematics, psychology, AI, and more‚Äîaccessible to anyone, anytime.",2024-12-12T08:01:00Z,8,1,"Education, Artificial Intelligence, Science"
Atomic,"Atomic is the easiest cold email outreach tool designed to personalize and automate your outreach, helping you boost engagement effortlessly.",2024-12-12T08:01:00Z,8,1,"Productivity, Email Marketing, Marketing automation"
DynamicAds,"AI Ads that talk to your usersDynamicAds transforms static ads into voice-enabled, AI-driven experiences. Engage users in real-time conversations tailored to their interests. Quickly integrate and drive conversions.",2024-12-12T08:01:00Z,7,1,"Marketing, Advertising, Artificial Intelligence"
Ghostwriter Express,"Create high-quality, full-length non-fiction books effortlessly with AI. Turn your ideas into professional books that build authority, grow audiences, generate revenue, and leave a lasting impact. Join the waiting list today for an Exclusive Launch Reward!",2024-12-12T08:01:00Z,7,1,"Writing, SaaS, Artificial Intelligence"
ShenShu,"ShenShu offers free BaZi (Eight Characters) analysis, a traditional Chinese method of understanding destiny. Instantly generate your BaZi chart and uncover insights into wealth, relationships, and career with accurate AI-powered interpretations.",2024-12-12T08:01:00Z,7,1,"Dating, Artificial Intelligence, Spirituality"
Ghostwriter Express,"Create high-quality, full-length non-fiction books effortlessly with AI. Turn your ideas into professional books that build authority, grow audiences, generate revenue, and leave a lasting impact. Join the waiting list today for an Exclusive Launch Reward!",2024-12-12T08:01:00Z,7,1,"Writing, SaaS, Artificial Intelligence"
Rich or Broke? ‚Äî AI Photo Test,"Rich or Broke? Let AI decide your lifestyle in a fun and entertaining way! Upload a photo, and our AI analyzes your ‚Äúwealth status‚Äù with emojis, stickers, and quirky phrases. Share the laughs with friends and add a spark to your day. Ready to try it out?",2024-12-12T08:01:00Z,7,1,"Emoji, Photography, Artificial Intelligence"
Pixa,"Unleash your creativity with Pixa! Generate stunning AI art for free, no sign-up required. Simply describe your image, and Pixa will bring it to life.",2024-12-12T08:01:00Z,7,1,"Art, Artificial Intelligence, Digital Art"
ShenShu,"ShenShu offers free BaZi (Eight Characters) analysis, a traditional Chinese method of understanding destiny. Instantly generate your BaZi chart and uncover insights into wealth, relationships, and career with accurate AI-powered interpretations.",2024-12-12T08:01:00Z,7,1,"Dating, Artificial Intelligence, Spirituality"
DynamicAds,"AI Ads that talk to your usersDynamicAds transforms static ads into voice-enabled, AI-driven experiences. Engage users in real-time conversations tailored to their interests. Quickly integrate and drive conversions.",2024-12-12T08:01:00Z,7,1,"Marketing, Advertising, Artificial Intelligence"
Fishy: Bring Your Artwork to Life,"Fishy brings your kid's imagination to life! Color fish-themed pages, scan them with your phone, and watch as their creations transform into animated fish swimming in a virtual aquarium. Connect to a TV for an interactive experience that blends art and tech!",2024-12-12T08:01:00Z,6,1,"SaaS, Games, Entertainment"
PromptOwl,"PromptOwl is your AI command center. Streamline workflows, achieve remarkable results, and create consistent branded AI experiences with features like prompt versioning, A/B testing, simulation, and seamless team collaboration.",2024-12-12T08:01:00Z,6,1,"Productivity, Artificial Intelligence, No-Code"
Fishy: Bring Your Artwork to Life,"Fishy brings your kid's imagination to life! Color fish-themed pages, scan them with your phone, and watch as their creations transform into animated fish swimming in a virtual aquarium. Connect to a TV for an interactive experience that blends art and tech!",2024-12-12T08:01:00Z,6,1,"SaaS, Games, Entertainment"
PromptOwl,"PromptOwl is your AI command center. Streamline workflows, achieve remarkable results, and create consistent branded AI experiences with features like prompt versioning, A/B testing, simulation, and seamless team collaboration.",2024-12-12T08:01:00Z,6,1,"Productivity, Artificial Intelligence, No-Code"
0 to 1 Startup Benchmark,"Find competitors for your startup idea, find similar projects, all powered by AI. Open source.",2024-12-12T08:01:00Z,6,0,"Open Source, Analytics, Artificial Intelligence, GitHub"
EmailWand,"Professional email verification service to validate your email lists. Get 99.9% accuracy, real-time verification, and reduce bounce rates. most affordable option in the market, and a 10 Score on scalability",2024-12-12T08:01:00Z,6,1,"Email, Email Marketing, SaaS"
Fishy: Bring Your Artwork to Life,"Fishy brings your kid's imagination to life! Color fish-themed pages, scan them with your phone, and watch as their creations transform into animated fish swimming in a virtual aquarium. Connect to a TV for an interactive experience that blends art and tech!",2024-12-12T08:01:00Z,6,1,"SaaS, Games, Entertainment"
PassGenZ,"Quantum-safe password generator with zero-knowledge architecture. Create unbreakable passwords, PINs, and IDs instantly. AI-powered security, works offline. Built for developers, free for everyone.",2024-12-12T08:01:00Z,6,1,"Privacy, Artificial Intelligence, GitHub, Security"
0 to 1 Startup Benchmark,"Find competitors for your startup idea, find similar projects, all powered by AI. Open source.",2024-12-12T08:01:00Z,6,0,"Open Source, Analytics, Artificial Intelligence, GitHub"
0 to 1 Startup Benchmark,"Find competitors for your startup idea, find similar projects, all powered by AI. Open source.",2024-12-12T08:01:00Z,6,0,"Open Source, Analytics, Artificial Intelligence, GitHub"
AISmartCube,"AISmartCube is your low-code platform to build, automate, and enhance AI tools and assistants. Access a rich library of ready-made solutions, streamline workflows, and integrate public knowledge bases to create smarter tools effortlessly.",2024-12-11T08:01:00Z,662,58,"Artificial Intelligence, Maker Tools, No-Code"
Remention,"Remention monitors billions of online conversations and finds the best places to mention your product. So you can drive leads, grow users, and boost revenue‚Äîeffortlessly",2024-12-11T08:01:00Z,529,71,"Social Media, Marketing, Artificial Intelligence"
SmythOS,"SmythOS lets you build and deploy AI agents without manual coding. Describe your needs, and Agent Weaver creates it automatically using the best AI models and APIs. Integrate with OpenAI, Hugging Face, Amazon Bedrock, and more‚Äîno manual coding required.",2024-12-11T08:01:00Z,453,108,"Developer Tools, Artificial Intelligence, No-Code"
Bricks,"Ever feel like you spend more time managing spreadsheets than actually using them to get things done? Bricks is an AI spreadsheet that does the work for you. No more formulas. No more hours of data cleanup ‚Äî just answers. And best of all, it's free to use.",2024-12-11T08:01:00Z,443,48,"Productivity, Spreadsheets, Artificial Intelligence"
Shortcut,"Transform the way you work with Shortcut. No more typing, just natural conversation. Get instant answers, turn your thoughts into solutions, and draft messages, emails, and docs in seconds ‚Äîall while staying in your flow.",2024-12-11T08:01:00Z,273,42,"Productivity, Artificial Intelligence"
Hylark,"Hylark is an intuitive Life Management platform, designed for seamless AI integration. Hylark provides a custom digital workspace tailored to you or your team‚Äôs unique needs, workflows, and data. It‚Äôs quick. It‚Äôs powerful. And it‚Äôs even easier with AI.",2024-12-11T08:01:00Z,207,23,"Productivity, SaaS, Artificial Intelligence"
Defang,"Defang enables a radically simpler way to develop, deploy, and debug production-ready cloud apps in minutes.",2024-12-11T08:01:00Z,196,15,"Developer Tools, Artificial Intelligence, Development"
Suno Android & V4 GA ,"Alongside a new Android app launch, Suno's V4 model is now available to all users, bringing cleaner audio, sharper lyrics, and more dynamic song structures to help you create music at the speed of your ideas.",2024-12-11T08:01:00Z,196,9,"Music, Artificial Intelligence, Audio"
RODCast,"RODCast.fm brings your favorite Reddit threads into immersive podcasts, delivering captivating stories and vibrant discussions straight to your ears‚Äîanytime, anywhere! üéß‚ú®",2024-12-11T08:01:00Z,184,16,"Social Media, Artificial Intelligence, Audio"
Claude Folder Upload,"A Chrome extension that lets you upload entire folders to Claude AI with one click. Maintains folder structure, automatically filters irrelevant files, and includes custom regex filtering. Perfect for sharing codebases with Claude.",2024-12-11T08:01:00Z,143,5,"Chrome Extensions, Developer Tools, Artificial Intelligence"
Seelab.ai,"Meet Seelab, your AI-powered creative partner for generating stunning, brand-aligned images. Customize with styles, colors, and formats, plus powerful tools for seamless editing and upscaling. Train your own custom models based on your products and style!",2024-12-11T08:01:00Z,96,49,"Design Tools, Marketing, Artificial Intelligence"
Premast Presentation Co-Pilot,"Now, you can easily create high-quality images and content in just a few clicks. Whether you need visuals or text, this feature helps you save time and boost your creativity. Try it out and see how simple it is to make amazing content.",2024-12-11T08:01:00Z,74,37,"Design Tools, Artificial Intelligence"
NBULA by CNTXT,"A managed PaaS for building AI apps on the edge. Features include a low-code Flow Builder üõ†Ô∏è, VectorDB üìö (Weaviate), drag-and-drop integrations üîó, edge routing üåê, real-time monitoring üìä, GraphQL & webhooks ‚öôÔ∏è, and widgets üí¨ like chat and search. üöÄ",2024-12-11T08:01:00Z,73,16,"Developer Tools, Artificial Intelligence, No-Code"
MusiCover-AI Song Cover&Clone,"Create stunning and high-quality AI song covers on your iPhone or iPad by cloning your voice or choosing an AI voice from artists, celebrities, cartoon characters, and more.",2024-12-11T08:01:00Z,58,2,"Music, Artificial Intelligence, Audio"
SantaAI,"SantaAI: An interactive Santa that grows with your child! Personalized conversations, stories, advice, and memories, all year round. A magical friend always at your fingertips, available on iOS and Android.",2024-12-11T08:01:00Z,56,5,"Android, Artificial Intelligence, Entertainment, Babies"
Candor,"You write, we paraphrase and hit send. Candor is the little birdie who takes your feedback to your managers without revealing your identity to help you create a better workplace for everyone without hesitation.",2024-12-11T08:01:00Z,44,14,"Productivity, Artificial Intelligence, Human Resources"
Deckster,"Deckster is an AI copilot for presentations, that turns your ideas into clear, persuasive slides. Using insights from top presenters, design principles, and psychology, it guides you step by step to craft a tailored presentation in under an hour.",2024-12-11T08:01:00Z,28,6,"Meetings, Artificial Intelligence, Virtual Assistants"
Genvibe AI,"GenVibe Solutions empowers HoReCa businesses to scale by delivering creative, non-standard solutions through engaging audio experiences.",2024-12-11T08:01:00Z,28,2,"Sales, Artificial Intelligence, Audio"
